14497904,Easy RED Spray Mop (FREE 3 microfibre cloths + 1 brush!!!),Lazada,29,19,- Good Quality (100% good track record with our customers)- 1 x brush to wash your dirty cloths- 3 x microfibre cloths that can for a vvv long time- Proven track record from existing customers (picks up fallen\nhair and dusts very well).,http://sg-live-02.slatic.net/p/3/easy-red-spray-mop-free-3-microfibre-cloths-1-brush-1450-40979441-45695f0f3c970ba6cbce64c58d9fde90-product.jpg,0,housekeeping,
13888909,32 long clip folding drying rack underwear socks clip hanger socks drying rack multifunctional drying rack clothes folder,Lazada,3,55,- Environmentally friendly material good toughness for a long\ntime with no aging- Brand : YJYJ/habitat yi yi house- Material : Plastic- Item : YJ-62031,http://sg-live-02.slatic.net/p/3/32-long-clip-folding-drying-rack-underwear-socks-clip-hanger-socks-drying-rack-multifunctional-drying-rack-clothes-folder-6483-90988831-e11ce1233b14408da84d415f45f9f8ce-product.jpg,0,housekeeping,
13888096,German exports pepper mill pepper grinder manual pepper grinder black pepper grinder,Lazada,10,0,- Health odorless smooth without paint wax can adjust the\nthickness of the flour- Brand : Ggj/princess house- Suite type : Other- Item : HJM- Material : Glass- Style : Rotary type- The number of : 1,http://sg-live-02.slatic.net/p/3/german-exports-pepper-mill-pepper-grinder-manual-pepper-grinder-black-pepper-grinder-6406-69088831-2b41062a113e1603ea0f079892b56846-product.jpg,0,home-improvement,
13533046,SG Beans Versa bean bag (Wine),Lazada,99,23,- Lightweight and durable  can be moved around the house\neasily.- Can be used in many different positions- Bean bag has a concealed inbuilt funnel with zip for easier\nrefilling and avoiding of leakage.- Purposely overfilled to last longer.,http://sg-live-03.slatic.net/p/3/sg-beans-versa-bean-bag-wine-5651-64033531-f76b4f91481d0d98ff6902b2152973c3-product.jpg,0,furniture,
13135882,Typist Chair Black Frame ?Stationary?,Lazada,40,33,- Sleek Design- Lumbar Support- Comfortable Armrest- Heavy Duty 5-star Frame- Ergonomic S-Shape Design- SGS Certified Hydraulics,http://sg-live-01.slatic.net/p/3/typist-chair-black-frame-stationary-4705-28853131-b99a7e5c94e2417e3d14a4a5929bd11e-product.jpg,0,furniture,
13135836,Typist Chair White Frame ?With Wheels?,Lazada,53,34,- Nylon White Frame- Unified Streamlining- Breathable mesh material- Heavy Duty Chrome Legs- S-shape design that support your back- High Density Memory Foam,http://sg-live-03.slatic.net/p/3/typist-chair-white-frame-with-wheels-4708-63853131-0ea930f8cb7affacc17096cb8c53a880-product.jpg,0,furniture,
12945590,Dolphin Collection Pvc Flat Top Washing Machine Cover,Lazada,12,0,- Brand: Dolphin Collection- Size: 55x55x95cm. Features: Practical Protection  Give your\nwashing machine a longer life  preventing its rapid deterioration\nby protecting it from scratches  bangs  dirt  rust  etc &\nelegant design- Ideal and perfect to use- 100% Brand New- This product has a high quality material and unique design,http://sg-live-01.slatic.net/p/3/dolphin-collection-pvc-flat-top-washing-machine-cover-8114-09554921-cf062e6eaed5d0456fbca5187d13bfd7-product.jpg,0,housekeeping,
12489322,Seoul Stone Tri-Function Shower Head,Lazada,49,2,- Filter water impurities  Chlorine and bacteria- Increase water pressure up to 200%- Conserve water up to 35%- Revitalize and Hydrate your hair and skin- Suitable for everyone from children to adults and those with\nsensitive skin- Create the spa experience in your own home everyday,http://sg-live-02.slatic.net/p/3/seoul-stone-tri-function-shower-head-0265-22398421-e95c39980d3a7a3378ed9c51e7a2fb6b-product.jpg,0,home-improvement,
12334913,4 - Layer Movable Slim Wheel Rack Multi-purpose Storage Rack Kitchen Bathroom - intl,Lazada,18,67,- Crevice gap storage rack- Built-in removable wheels design- Detachable rack design- Easy assembly required- Easy to store in any crevice or gap- Easy to clean and save the space- Size?102.5x 54.5 x12.5cm,http://sg-live-02.slatic.net/p/3/4-layer-movable-slim-wheel-rack-multi-purpose-storage-rack-kitchen-bathroom-intl-9745-31943321-7e4e7dfc563e27c5bf69c658f359481d-product.jpg,0,furniture,
12087083,Method Dish Soap Pump Refill - Clementine 1L,Lazada,15,0,- Enough to refill Dish Soap bottle 2 times- Ultra grease-fighting with non-toxic  plant-based powergreen\ntechnology - Just a pump goes a long way to get ride of tough grease +\ngrime- For sparkling clean dishes,http://sg-live-02.slatic.net/p/3/method-dish-soap-pump-refill-clementine-1l-8464-38078021-7dfdd9d505d3b3e3bf3e649009797bc0-product.jpg,0,housekeeping,
12087077,Method Dish Soap Pump Refill - Lemon Mint 1L,Lazada,15,0,- Enough to refill Dish Soap bottle 2 times- Ultra grease-fighting with non-toxic  plant-based powergreen\ntechnology - Just a pump goes a long way to get ride of tough grease +\ngrime- For sparkling clean dishes,http://sg-live-01.slatic.net/p/3/method-dish-soap-pump-refill-lemon-mint-1l-8470-77078021-5a6e19bb55a8fa9da1410ef2e07d0a9d-product.jpg,0,housekeeping,
11538465,Multi-functional Folding Clothes Drying Racks Laundry Drying Hanger Home Indoor Outdoor Grey - intl,Lazada,9,53,- Material: Iron + PP- Color: Green  Grey  Rose red (Optional)- PP Hook Height: Approx. 9.3cm / 3.7inch- Iron Rack Size: Approx. 45 x 37cm / 17.7 x 14.6inch- Package Weight: Approx. 360g,http://sg-live-01.slatic.net/p/3/multi-functional-folding-clothes-drying-racks-laundry-drying-hanger-home-indoor-outdoor-grey-intl-9630-56483511-d3d0b9198606bc03860b9d9080995778-product.jpg,60,housekeeping,
11530509,MagiDeal Candle Wick Stainless Steel Scissors Trim Trimmer Snuffers Light Champagne - intl,Lazada,7,42,- Durable- Top quality- Good Product Design,http://sg-live-01.slatic.net/p/3/magideal-candle-wick-stainless-steel-scissors-trim-trimmer-snuffers-light-champagne-intl-2244-90503511-2289c6e2d9caffe202ed8d7eda745d71-product.jpg,0,home-improvement,
11395974,Noveada CADIZ - 3 Seater sofa  GREY (Free Assembly),Lazada,688,22,- Solid typical hardwood frame- Detachable cushion covers- Water resistance fabric- Firm polyurethane foam inserts- Stylish sofa for any interiors- Free assembly,http://sg-live-02.slatic.net/p/3/noveada-cadiz-3-seater-sofa-grey-free-assembly-2047-47959311-0b1683070155728b9d0e27474f101d0e-product.jpg,0,furniture,
11129885,Targus® Smart 4 Way Power Extension SAFETY Socket,Lazada,47,47,- Targus® Smart Surge 4- 2 Years Targus Official Warranty- Safety Mark Approved,http://sg-live-03.slatic.net/p/3/targus-r-smart-4-way-power-extension-safety-socket-9476-58892111-a6424294fd8d7f718ddc8b43e529185b-product.jpg,0,home-improvement,
11129884,Targus® Smart 6 Way Power Extension SAFETY Socket,Lazada,57,42,- Targus® Smart Surge 6- ?years warranty by Targus- Safety Mark ApprovedChild Safe,http://sg-live-01.slatic.net/p/3/targus-r-smart-6-way-power-extension-safety-socket-9478-48892111-e7017246143a5ce5d78b3b2b6b454ca1-product.jpg,0,home-improvement,
11118698,Weiman Granite Cleaner Spray (12 Oz.),Lazada,14,10,- Leave streak-free brilliant shine- Safe for use on variety of surfaces- Neutral pH to ensure compatibility in different surfaces- Clean and polishes the toughest stains- Include stain by Good Housekeeping Seal,http://sg-live-01.slatic.net/p/3/weiman-granite-cleaner-spray-12-oz-3648-89681111-7e8245239e638e59da62abf0eb6bad1f-product.jpg,0,housekeeping,
11112566,Sarah Storage Cabinet Cream (Fully Assembled),Lazada,130,35,- Assembled and ready to use.- Perfect for storing all kinds of items.- Make an excellent addition to your bedroom  bathroom  laundry\nor kitchen.- Stylishly store and display a wide range of items.,http://sg-live-01.slatic.net/p/3/sarah-storage-cabinet-cream-fully-assembled-2025-66521111-ced6f4b3f790dd538c686726a581550b-product.jpg,0,furniture,
11110807,Nova 405 Bedroom Set (FREE DELIVERY)(FREE ASSEMBLY),Lazada,748,53,- 4D effect design- Materials: Plywood  MDF  laminate and faux leather- Colour available as shown- Queen size bed frame + headboard with thick cushion wrapped by\nfaux leather (L153 x W209 x H105 cm)- 2 sliding door wardrobe with aluminium track (L122 x W56 x H191\ncm)- Sliding mirror dressing table (L67 x W39 x H168 cm)- Cushioned stool (L46 x W46 x H38 cm)- Bedside cabinet with drawer (L44.5 x W34.5 x H51 cm)- Mattress not included,http://sg-live-03.slatic.net/p/3/nova-405-bedroom-set-free-delivery-free-assembly-7347-70801111-fc301c5a6306fc11e5dce4c2f42ed557-product.jpg,0,furniture,
10848664,Nova 925-3-Seater Sofa (FREE DELIVERY),Lazada,149,50,- Faux leather- Hardwood frame- High density foam seat and back- 4\" square plastic sofa legs- 4D effect look- L 1600 x W 690 x H 710 mm- Choice of colours: Black  Dark Brown  Maroon  Khaki and\nWhite,http://sg-live-01.slatic.net/p/3/nova-925-3-seater-sofa-free-delivery-2933-46684801-cd9e00e4acccb4c627354342990a5d72-product.jpg,80,furniture,
10816055,BR801Korean Multi-functional Clothes Drying Rack - Purple,Lazada,47,47,- Stainless steel/Fast Dry/space saving- Two color options- Foldable/Moveable,http://sg-live-01.slatic.net/p/3/br801korean-multi-functional-clothes-drying-rack-purple-7809-55061801-f16ce70cc9a8bd53159a694c20ceb7e0-product.jpg,0,housekeeping,
10755538,6640 Multi-function Children Desk with Chairs,Lazada,165,16,- - Multi-function  for different activities\n- Round-angled design  protect your children\n- Nature Wood Color  simple and modern design,http://sg-live-03.slatic.net/p/3/6640-multi-function-children-desk-with-chairs-2807-83555701-2875ac869a69e4a74adc8fbaa38e5a1f-product.jpg,0,furniture,
10527925,MaxCoil Sofa Bed (Pink),Lazada,129,0,- Great space-saving sofa bed- Washable zipper fabric cover- High Density Foam Mattress- 6 different colours to choose from!,http://sg-live-03.slatic.net/p/3/maxcoil-sofa-bed-pink-6133-52972501-8d41d9bd861292a2773eb97b8c774b2d-product.jpg,0,furniture,
10494923,Supervisor Chair [9 Cubes],Lazada,44,32,- Premium PU Material- Sleek Design- Comfortable Cushion- Ergonomic Armrests- Heavy Duty Chrome Base,http://sg-live-03.slatic.net/p/3/supervisor-chair-9-cubes-2311-32949401-370e0271693348e33027703b8e8ad344-product.jpg,0,furniture,
10416467,Foldable Clothes Hanger Rack Wing Type Double Rod 3-tier,Lazada,35,41,- Lightweight- Wheels to push- Easy storage- Heavy load capacity - Durable,http://sg-live-03.slatic.net/p/3/foldable-clothes-hanger-rack-wing-type-double-rod-3-tier-6462-76461401-f80ff7ee2301cfbb4fa38acb8f2e5303-product.jpg,90,housekeeping,
9678226,Foldable Clothes Hanger Rack 3-tier,Lazada,39,35,- Quality finishing made of stainless steel- Foldable design for easy storage- Wheels attached,http://sg-live-03.slatic.net/p/3/foldable-clothes-hanger-rack-3-tier-6643-6228769-39406a4782458e1f0fb567230d808099-product.jpg,82,housekeeping,
9678225,Foldable Clothes Hanger Rack 2-tier,Lazada,34,32,- Quality finishing made of stainless steel- Foldable design for easy storage- Wheels attached,http://sg-live-02.slatic.net/p/3/foldable-clothes-hanger-rack-2-tier-4417-5228769-6e44ad8c74d41817b1c676a15a6241b9-product.jpg,74,housekeeping,
9463930,Folding Laundry Storage Basket Cotton Linen Waterproof Sundries Clothes Toys Household Storage Organizer ( White ) 35x45cm,Lazada,16,50,- Eco-friendly  washable - Clothes and toys organizer- Large capacity portable- 2016 Fashion design  High-quality products with\ncompetitive price,http://sg-live-02.slatic.net/p/3/folding-laundry-storage-basket-cotton-linen-waterproof-sundries-clothes-toys-household-storage-organizer-white-35x45cm-6649-0393649-50d3c573865b9ff0cfad434269bd6f65-product.jpg,0,housekeeping,
9417085,Stainless Folding Wall Hanger Mount Retractable Clothes Foldabel Hangers,Lazada,15,60,- Welcome to Our Store- Description- Features:- Material:Resin,http://sg-live-03.slatic.net/p/3/stainless-folding-wall-hanger-mount-retractable-clothes-foldabel-hangers-0131-5807149-bd9979840f30948548b97cc45fde121d-product.jpg,0,housekeeping,
9280868,Shoppy 5-tier Bamboo Shoe Rack Organizer,Lazada,43,39,- Lightweight and durable bamboo quality  easily organise your\nshoes and boxes into neat spaces - Space  every tier fits 2 pairs of shoes - Nicely complements any decor or colour scheme - Indoor/outdoor usage - Dimension: 70cm(L) x 26cm(W) x 90cm(H),http://sg-live-01.slatic.net/p/3/shoppy-5-tier-bamboo-shoe-rack-organizer-4466-8680829-a50b4e2dbf7223dffc1403b2a640a42a-product.jpg,60,furniture,
9220929,Contemporary Sofa Bed (PU Leather White),Lazada,139,54,- PU Leather- Convertible Sofa Bed- White,http://sg-live-03.slatic.net/p/3/contemporary-sofa-bed-pu-leather-white-3512-9290229-2281345cc0ec2061f010776e9a66b459-product.jpg,0,furniture,
9219520,3M Command 17072 Value Pack Hooks,Lazada,20,0,- Damage-Free Hanging - No nail holes- Holds strongly and removes cleanly- Works on a variety of surfaces- tile  fiberglass  painted\nsurfaces  finished wood  mirrors & more!,http://sg-live-02.slatic.net/p/3/3m-command-17072-value-pack-hooks-1365-0259129-49a1c378f2ecb94801c3e0dfbce8cbbb-product.jpg,100,home-improvement,
8951709,5pcs Magic Eraser Cleaning Cotton Nano Emery Sponge - Intl,Lazada,5,50,- Easy to clean the Kitchen utensils- Ideal for brushed bowl  Stainless etc- It is a good helper for your life- Material: Carborundum and Sponge- Size: Approx.98 x 70 x 25mm/3.85 x 2.75 x 0.98 inch- Color: AS picture shows,http://sg-live-02.slatic.net/p/3/5pcs-magic-eraser-cleaning-cotton-nano-emery-sponge-intl-2396-9071598-c482d67f2b4460a22a6d0c02c856806a-product.jpg,0,housekeeping,
8917240,Univonna Javier 3-Seater Recliner Sofa - Mocha,Lazada,735,37,- High-quality synthetic leather- High-Resiliency Foam Cushions- Solid Wood Frame- Comfort Level: 8/10- 2 Manual Recliners on the side- Item will be shipped within 10 days,http://sg-live-01.slatic.net/p/3/univonna-javier-3-seater-recliner-sofa-mocha-4831-0427198-bfdbeda16ddc3e6b93518575c46a2ff3-product.jpg,0,furniture,
8612933,HomeBuddy Wooden Organizer/Monitor Riser-5MM THICKNESS WOOD (Latest Design!)-Std DO WOODY,Lazada,20,50,- Desktop organiser with drawer features 4 pen\nholes- Made of 5mm thick wood for a stable\nstructure.-  ZOptions to choose:- 3 colors available (Black   White  Woody)- Dimensions: ,http://sg-live-02.slatic.net/p/3/homebuddy-wooden-organizer-monitor-riser-5mm-thickness-wood-latest-design-std-do-woody-8338-3392168-ee8c6fd85f79ee8b29bb418147df06df-product.jpg,100,furniture,
8612874,Computer Study Table (Model: T3 - BHT),Lazada,59,54,- Fashionable\ndesign- Perfect\nfor studying- High\ndurability- Perfect\nFinish- Excellent\nquality- DIY\nInstallation,http://sg-live-01.slatic.net/p/3/computer-study-table-model-t3-bht-3242-4782168-c40076c0ec07f111494d44d3603a4d1d-product.jpg,40,furniture,
8612171,Nordic Style Designer Linen Fabric Sofa Flow Series (3 seater),Lazada,503,50,- Solid wood frame ensure stability  durability- Classical design  enhance home decor- Generous foam cushioning ensure comfortable and relax,http://sg-live-01.slatic.net/p/3/nordic-style-designer-linen-fabric-sofa-flow-series-3-seater-2096-1712168-3cf723fc624302bb8fdf94a29d245f71-product.jpg,0,furniture,
8493344,KitchenAid Dish Brush (Red),Lazada,30,50,- Material: plastic handle and nylon bristles- Suited for scrubbing baked-on stains and grease- Cleans dinnerware- Replaceable brush head- Non-stick cookware without abrasion- Brush with soap-dispensing handle,http://sg-live-01.slatic.net/p/3/kitchenaid-dish-brush-red-7746-4433948-ab402428b1f29ee292c1c14670fed0e7-product.jpg,0,housekeeping,
8397302,Boomjoy M7 Spin Mop,Lazada,37,38,- \n BOOMJOY® M7 SPIN MOP \n\n\n\n\n\n \n\n\n\n\n\n\n\n\n\n \n \n \n \n ,http://sg-live-01.slatic.net/p/3/boomjoy-m7-spin-mop-7962-2037938-05094261c0f707f3f4b6ea46dcd8db49-product.jpg,100,housekeeping,
8372431,Genuine Leather Boss Chair 338 (Black),Lazada,161,46,- Genuine(Real) leather- Free installation - Ergonomic design,http://sg-live-02.slatic.net/p/3/genuine-leather-boss-chair-338-black-6682-1342738-d18ef9e6758bc075d102bce9f1601315-product.jpg,80,furniture,
8354500,Foldable Lazy Bed Desk/Portable Table/Desk/Laptop Table/Bed Table/Picnic Table Easy Carry / Table on Bed Study Desk Small Coffee Table,Lazada,27,75,- Size: 60 x 40 x 30cm - Material: Composite Wood   Stainless Steel- Color: Brown- Foldable legs for easy storage- Workstation that goes where you go. Read  Eat or use your\nlaptop from the comfort of your own bed  couch or chair- Easy to carry,http://sg-live-03.slatic.net/p/3/foldable-lazy-bed-desk-portable-table-desk-laptop-table-bed-table-picnic-table-easy-carry-table-on-bed-study-desk-small-coffee-table-7728-0054538-5ebbcff5102702de7ff1f84becdf3f51-product.jpg,80,furniture,
8193852,(D: Laundry Today or Naked) Fabric Laundry Basket,Lazada,9,90,- These Laundry baskets are brilliant. -  Made from sturdy  coated polycotton canvas  they\'re big\nenough to take a  week\'s worth of washing and they fold up\nflat so you can easily hide them away.  - These handy laundry bags are good looking enough to grace the\nsmartest bedrooms  landings or bathrooms but they\'d also make the\nperfect gift for your student son or daughter  or for someone who\nlikes to be organised on a family holiday.  These excellent\nlaundry baskets are great value too so you can pop one in every\nbedroom.  It\'s no hassle to fling the washing in so kiss\ngoodbye to piles of clothes all over the house. Bliss.,http://sg-live-03.slatic.net/p/3/d-laundry-today-or-naked-fabric-laundry-basket-7379-2583918-e4439d6aecd8dd4c1cce3fdd48183b28-product.jpg,80,housekeeping,
8193845,(A: Plan to wash) Fabric Laundry Basket,Lazada,9,90,- These Plan to Wash Laundry baskets are\nbrilliant. -  Made from sturdy  coated polycotton canvas  they\'re\nbig enough to take a  week\'s worth of washing and they fold up\nflat so you can easily hide them away.  - These handy laundry bags are good looking enough to grace\nthe smartest bedrooms  landings or bathrooms but they\'d also make\nthe perfect gift for your student son or daughter  or for someone\nwho likes to be organised on a family holiday.  These\nexcellent laundry baskets are great value too so you can pop one in\nevery bedroom.  It\'s no hassle to fling the washing in so kiss\ngoodbye to piles of clothes all over the house. Bliss.,http://sg-live-02.slatic.net/p/3/a-plan-to-wash-fabric-laundry-basket-7061-5483918-dd227c1fd9f35fdd63c8e4da3fc1293d-product.jpg,0,housekeeping,
7974050,3M Scotchgard Spot Remover & Upholstery Cleaner,Lazada,15,0,- Removes most common spots and spills effectively- No rinsing required- No sticky residue to cause resoiling- Easy to use,http://sg-live-02.slatic.net/p/3/3m-scotchgard-spot-remover-andamp-upholstery-cleaner-1402-0504797-90309db4eb5b26889eee3b24f956d231-product.jpg,0,housekeeping,
7914793,Multipurpose Foldable Table,Lazada,32,36,- Simple Affordable foldable table- Lightweight multi-purpose- Can be used as coffee table  bedside table  bed table \nlaptop table and sofa table- Multi-environment usage : bed  home  in the wild  car\netc.- Provides stable surface and varying tilts- Thin design and convenient to carry along with\nlaptop,http://sg-live-03.slatic.net/p/3/multipurpose-foldable-table-4171-3974197-f997b19761b854a5a10578bfbe927643-product.jpg,0,furniture,
7423818,FRG Leather Polish Wet Wipes 4s (5 Boxes),Lazada,14,0,- Quick Cleaning- Water Repellent- Protects and Polishes- Use on: leather furniture  handbags  luggage belts  car\ninteriors and upholsteries- Shelf life: 36 months,http://sg-live-03.slatic.net/p/3/frg-leather-polish-wet-wipes-4s-5-boxes-6252-8183247-74926122d7c1ff97cf199120f105077c-product.jpg,0,housekeeping,
7388760,C30 Ergonomic Officer Chair with Metal Base (Green),Lazada,55,16,- Ergonomic design- Height adjustment- Suitable for seated work activities at home and office,http://sg-live-02.slatic.net/p/3/c30-ergonomic-officer-chair-with-metal-base-green-5387-0678837-596b89b32ff6135a3dbd5dc3d085e2aa-product.jpg,0,furniture,
7294741,Windy II PU Sofabed (Black) (Free Delivery),Lazada,105,54,- 6 Level adjustable backrest- Well-padded cushion- Convertible- Comfortable to lie into- Material: PU,http://sg-live-03.slatic.net/p/3/windy-ii-pu-sofabed-black-free-delivery-4639-1474927-0ef8ff407e55faa9cffd8b0bfdd5ac21-product.jpg,100,furniture,
7125018,3M Scotchgard Cleaners and Protectors - Carpet and Rug Protector,Lazada,16,10,- Triple action protection formula - repels spills  blocks\nstains and resists soiling- Most fresh spills clean up easily with just\nwater- Strong stain protection pushes spills away from\nfibers- Limits reappearing spots by neutralizing sticky residue\nthat other spray cleaners leave behind- Won\'t change the look or feel of carpet and\nrugs- 14 oz.,http://sg-live-03.slatic.net/p/3/3m-scotchgard-cleaners-and-protectors-carpet-and-rug-protector-4834-8105217-ed6510a82d90b004b3c5f1015e099e73-product.jpg,0,housekeeping,
7123712,Boss Chair Type A 338 (Red),Lazada,132,34,- Adjustable height- High-density cushion- Comfortable to seat in- Elegant design,http://sg-live-01.slatic.net/p/3/boss-chair-type-a-338-red-2095-2173217-9572efdf187e2b68629268827d8ad3ac-product.jpg,0,furniture,
7123702,4D Ergonomic Leather High Back Gaming Chair Racing Style PC/Computer Chair,Lazada,120,40,- Secretlab Throne Inspired- 180degree tilt- Adjustable height- Steel leg base- Integrated headrest- Adjustable armrest,http://sg-live-03.slatic.net/p/3/4d-ergonomic-leather-high-back-gaming-chair-racing-style-pc-computer-chair-7854-2073217-a8399e908aa87eac04e2c6531b341fb7-product.jpg,88,furniture,
7034275,Multi Hanger Clothes Drying Rack Dryer Airer,Lazada,49,45,-  \n Multifuncational Hanger  -  Loads up to 33 hangers-  Loading capacity: 15KGS  -  Easy storage through folding mechanism-  ,http://sg-live-01.slatic.net/p/3/multi-hanger-clothes-drying-rack-dryer-airer-9823-5724307-fcefe7108a9dc829a355b1510e203ec5-product.jpg,90,housekeeping,
6839973,Ergonomic Mesh High Back Office Chair Swivel/Tilt/Lumbar Support J24,Lazada,77,54,- Ergonomic office chair with contoured mesh back for\nbreathability- Pneumatic seat-height adjustment; padded seat for comfort- High quality Nylon base and Nylon casters for stability.- Adjustable height  tilt  tilt tension  arms  and lumbar\nsupport,http://sg-live-02.slatic.net/p/3/ergonomic-mesh-high-back-office-chair-swivel-tilt-lumbar-support-j24-0239-3799386-d11b52191cb6c697f312bbd85e94b71c-product.jpg,88,furniture,
6839930,4D Ergonomic Leather High Back Gaming Chair Racing Style PC/Computer Chair (Black&White),Lazada,120,40,- Secretlab Throne Inspired- 180degree tilt- Adjustable height- Steel leg base- Integrated headrest- Adjustable armrest,http://sg-live-03.slatic.net/p/3/4d-ergonomic-leather-high-back-gaming-chair-racing-style-pc-computer-chair-blackandamp-white-3484-0399386-10fc2afb41fb838115755c2e2842086f-product.jpg,90,furniture,
6355790,Daiyo 6 Way Elegant Surge Protector Power Extension Socket Strip with 3 Meter power Cord,Lazada,29,0,- 250V AC- 13A max- 3000 Watts max- Singapore Safety Mark,http://sg-live-01.slatic.net/p/3/daiyo-6-way-elegant-surge-protector-power-extension-socket-strip-with-3-meter-power-cord-1992-0975536-3c1a6cea5e2e71e922c86520801a5992-product.jpg,0,home-improvement,
6355254,3M Scotch-Brite Floor Care Products - Long Handle Dustpan,Lazada,10,0,- Durable and easy to use.- Ergonomic and strong design.- Italian thread for good cleaning.- very comfortable  don\'t need to bend to pick-up\ndirt.,http://sg-live-03.slatic.net/p/3/3m-scotch-brite-floor-care-products-long-handle-dustpan-4836-4525536-d0e7a0726d6c3c53efc1d3ad601c5df1-product.jpg,80,housekeeping,
6277986,Knit Wool Chair Table Leg Foot Sock Sleeve Cover Floor Protector(Khaki),Lazada,3,50,- Cute design goes with any decor - Beautiful and a decor for your chair and\ntable.- No noise  No scratch on floor.- Great for chairs  barstools  tables and sofas,http://sg-live-02.slatic.net/p/3/knit-wool-chair-table-leg-foot-sock-sleeve-cover-floor-protector-khaki-7950-6897726-f888a994b483dd9608629569dc708a26-product.jpg,0,home-improvement,
5938340,Titan Foldable Hand Truck Trolley 120kg,Lazada,59,44,- Durable- Foldable- Capacity: 120kg,http://sg-live-02.slatic.net/p/3/titan-foldable-hand-truck-trolley-120kg-5830-0438395-6e600fe4e84e308ca89c18e83f1ba5d1-product.jpg,0,home-improvement,
5581048,Cocotina 50pcs 25mm Mini Natural Wooden Clothes Photo Paper Peg Clothespin Craft Clips,Lazada,5,68,- Material: Wooden- Material: Wooden\nColor:natural- Size:(L)25mm/0.98\'\'X(W)4m/0.16\'\'(natural)- Light stable durable and multiduty.- All made of high quality wooden- You can also paint these pegs to the colours you like- The lovely clip use for photo paper clothing etc- Home or Garden Decorations,http://sg-live-01.slatic.net/p/3/cocotina-50pcs-25mm-mini-natural-wooden-clothes-photo-paper-peg-clothespin-craft-clips-0225-8401855-d2d59bb11dabfc4b74ade9e061cfbd69-product.jpg,0,housekeeping,
5310418,RFID TK4100 125KHz Proximity Door Control Entry Access EM card-0.9mm-10pcs,Lazada,6,31,- Features:- X10pcs RFID cards proximity door control access.- XEach card with a unique ID number  which is printed on the\ncard.- XSuitable for 125KHZ card reader and reading distance is 0 -\n10cm.- XWidely used at apartment  office  park and other places.- X100% brand new and high quality.- XRead only  not HID card.,http://sg-live-01.slatic.net/p/3/rfid-tk4100-125khz-proximity-door-control-entry-access-em-card-0-9mm-10pcs-2024-8140135-f01f63a15b86b934352d6164dc1e0e25-product.jpg,0,home-improvement,
4842726,Healthcare Anion Pressurized Water-saving Handheld Shower Head Nozzle New,Lazada,6,70,- With those magical anion mineral balls in it  it is no\nlonger just a shower head nozzle.- Anion mineral balls have the following\nfunctions:- Massage: pressurized body spa skincare;- Healthcare: Negative ions spa function;- Percolation: Material in-handle can effectively remove\nthe chlorine in tap water when bathing;- Environment protection: It is detachable and easy to\nclean;- Health bath essential  pressurize and saving water\n40%,http://sg-live-03.slatic.net/p/3/healthcare-anion-pressurized-water-saving-handheld-shower-head-nozzle-new-4064-6272484-73f1fb1b78b7b4d3cd621a9046c468d3-product.jpg,0,home-improvement,
4670025,Modern Chrome Pull Out Spray Swivel Mixer Kitchen Bathroom Basin Sink Tap Faucet,Lazada,71,54,- Faucet Height 500 mm- Faucet Type:Kitchen- Finish:Chrome- Number of Handles:2- Finish:Brass- Trigger Control Sprayer- Durable Solid Brass,http://sg-live-02.slatic.net/p/3/modern-chrome-pull-out-spray-swivel-mixer-kitchen-bathroom-basin-sink-tap-faucet-0328-5200764-0f94af8308735144ebb96ad37e022440-product.jpg,92,home-improvement,
4651221,Allwin Crystal Suction Cup Hook Sweep Broom Mop Pole Handle Holder Clip Home Clean (Red),Lazada,5,0,- 100% brand new- High quality.- Professional- Fast &free shipping,http://sg-live-01.slatic.net/p/3/allwin-crystal-suction-cup-hook-sweep-broom-mop-pole-handle-holder-clip-home-clean-red-7265-1221564-acc9619a517533e358303c2f1ba41861-product.jpg,0,housekeeping,
3800931,DICON Leather Cleaner Conditioner & Nourishing Cream,Lazada,12,31,- Keeps leather clean  conditioned & soft- Removes dirt & stains effectively- Conceals minor scratches- Restores original colour- Protects leather from weathering- Prolongs life of leather- Ideal for genuine leather & synthetic materials such\nas PVC & vinyl,http://sg-live-01.slatic.net/p/3/dicon-leather-cleaner-conditioner-andamp-nourishing-cream-5830-1390083-0ebf1ffd92250a9f1e394c588c4b2625-product.jpg,80,housekeeping,
3769106,UK Plug Digital Programmable Timer Socket Switch for Household Appliances Refrigerator Air Conditioner TV Electronic Devices,Lazada,15,54,- Digital Programmable Timer Socket Switch for Household\nAppliances Refrigerator Air Conditioner TV Electronic Devices- Regulate your energy costs and keep your home secure- Delivering convenient automation for household appliances- Set time to automatically switch on/off all kinds of electronic\ndevices- such as refrigerator  air conditioner  television,http://sg-live-02.slatic.net/p/2/uk-plug-digital-programmable-timer-socket-switch-for-household-appliances-refrigerator-air-conditioner-tv-electronic-devices-1208-6019673-ba30bd44fa4f6bddf6ce5f5b2fb1588c-product.jpg,0,home-improvement,
3420830,5-Point 1.2mm Screwdriver Specially Fit For Macbook Air Pro Repair,Lazada,3,70,- 5-Point 1.2mm Screwdriver - Specially Fit For Macbook Air Pro Repair;- Dimension: Length: 143mm (5.63\");- Color: Black. - Compatible with: profess,http://sg-live-03.slatic.net/p/3/5-point-1-2mm-screwdriver-specially-fit-for-macbook-air-pro-repair-3849-0380243-b2917363cbaf22f48940010b21633707-product.jpg,0,home-improvement,
2871403,Lift Top Coffee Table 800mm (BLACK) (Free Delivery),Lazada,145,64,- MDF board- Strong steel bridge&ABS leg,http://sg-live-01.slatic.net/p/3/lift-top-coffee-table-800mm-black-free-delivery-3798-3041782-fa9b4aa55a8bc6fcf5a933ee0a451ac5-product.jpg,80,furniture,
2587721,Galipette Little town Chest with Changing Board,Lazada,388,19,- Low-formaldehyde content panels make a healthier home- Galipette Little town 1 door Chest + Changing Board- Made in France,http://sg-live-02.slatic.net/p/3/galipette-little-town-chest-with-changing-board-4848-1277852-d750b962b3080e805bdd07c0fac333ad-product.jpg,0,furniture,
2549824,Rubine Jumbo 1 ¾ Bowls undermount sink JUX 660-U,Lazada,200,17,- Enjoy 5% off all Ahgogo products from 11-13 Nov!- Use code ORGOGO5NOV at checkout.- To view more Ahgogo products  visit:\nhttp://www.lazada.sg/ahgogo-shop,http://sg-live-01.slatic.net/p/19/rubine-jumbo-1-3-4-bowls-undermount-sink-jux-660-u-5839-4289452-ed83bb9549d74cbd6415714968d04665-product.jpg,0,home-improvement,
2379053,Philips 6 outlet with lighted master switch - SPN1067/69,Lazada,19,17,- 6 Gang switched extension sockets with lighted master\nswitch- Cord length : 1.8 meter- Plug type: BS 1363/A 13A UK standard plug with\nfuse,http://sg-live-01.slatic.net/p/3/philips-6-outlet-with-lighted-master-switch-spn1067-69-3173-3509732-02574fd1931e193b42d13cf542d34549-product.jpg,0,home-improvement,
2348973,Bean Rester Twist Cushion Black,Lazada,35,29,- Double layered water resistant\nnylon - Inner filled with beads- Suitable for indoor and outdoor,http://sg-live-02.slatic.net/p/3/bean-rester-twist-cushion-black-7612-3798432-1f35099bf95c468fcd834cce41726b5c-product.jpg,60,furniture,
2268889,AIRCONcare Cleaning Kit,Lazada,89,0,- Eliminates 99.9% bactria- Anti bacterial  anti fungal- Non-caustic- Non-corrosive- Powerful- Family safe- Free professional wash bag for spilt air\nconditioners- Biodegradable - Non-Toxic Hydrophilic Cleaner,http://sg-live-02.slatic.net/p/3/airconcare-cleaning-kit-5654-9888622-a9e926da007e7d6109b04e8f14185102-product.jpg,100,housekeeping,
1838240,Shoppy 5 Tier Adjustable Storage Rack (Black),Lazada,40,77,- Easy to assemble- Carbon steel enhance sturdiness and resistance- Long-lasting paint coating prevents rust,http://sg-live-01.slatic.net/p/3/shoppy-5-tier-adjustable-storage-rack-black-1673-0428381-a55788d2419d90b276496591ea798115-product.jpg,75,furniture,
1661729,50W Step Up Voltage Converter Transformer,Lazada,5,59,- 100% Brand New and High Quality - Input :AC 110-120V 50 Watts - Output : AC 220-240V 50/60Hz - Convenient for Travel - For electronic equipments up to 50 WATT ,http://sg-live-01.slatic.net/p/3/50w-step-up-voltage-converter-transformer-0632-9271661-ed3add9c0f6536ffab7f29a8535687b1-product.jpg,0,home-improvement,
1141839,New Simple H Desk Maple 150cm (Free Delivery),Lazada,66,56,- -Simple and Modern StyleLPM board,http://sg-live-03.slatic.net/p/3/new-simple-h-desk-maple-150cm-free-delivery-7443-9381411-942190a5ed4f43e79d322abe5c4764c4-product.jpg,90,furniture,
1135677,Ultrafire 2000Lm CREE XML T6 LED Zoomable Flashlight Torch 3 Modes with 18650 Battery,Lazada,11,51,- 6061T Aluminium- Brightness: 2000lm- Size: 135mm x 30mm- Color: Black- Weight: 125g- Switch Type: clicky- Emitter BIN: XM-L T6- Mode: high / low / strobe,http://sg-live-01.slatic.net/p/3/ultrafire-2000lm-cree-xml-t6-led-zoomable-flashlight-torch-3-modes-with-18650-battery-7528-7765311-bed2fe8ab5b2458dfac8d70c59c24749-product.jpg,100,home-improvement,
922466,Allwin Torx T8 Handy Screw Driver Screwdriver DIY Repair Tool for Microsoft Xbox 360,Lazada,4,76,- 100% brand new- high quality.- Professional,http://sg-live-03.slatic.net/p/3/allwin-torx-t8-handy-screw-driver-screwdriver-diy-repair-tool-for-microsoft-xbox-360-2294-664229-b869bd7381353303bac92fa5e9e40f85-product.jpg,0,home-improvement,
670064,Funika Furniture 12055GR Reversible Bookcase (Green/White),Lazada,24,54,- Colourful modern design- Easy assembly- Eco-Friendly,http://sg-live-02.slatic.net/p/3/funika-furniture-12055gr-reversible-bookcase-green-white-8220-460076-1-product.jpg,100,furniture,
664458,Rubbermaid Microfibre Spray Mop Red,Lazada,50,17,- 100% Original- Brand: Rubbermaid- Keeping your floors clean is now easy and affordable with the\nRubbermaid Reveal Spray Mop- Safe to use on all floor types including hardwood  vinyl \nlaminate and tile- Non-battery operated spray trigger allows you to dispense as\nmuch or as little solution as you need to clean your floor- Constructed with durable  yet lightweight material- Spray trigger allows you to control the amount of\nsolution you want,http://sg-live-03.slatic.net/p/19/rubbermaid-microfibre-spray-mop-red-8917-854466-1-product.jpg,83,housekeeping,
662420,Funika Furniture 33002SBE 4 Tier Book Shelf Biege,Lazada,56,54,- Simple stylish design yet functional and suitable for any\nroom- Material: imported pine solid wood Home office bookcase \nbookshelves and also serve as display rack- Sturdy on flat surface and durable Some assembly\nrequired,http://sg-live-01.slatic.net/p/3/funika-furniture-33002sbe-4-tier-book-shelf-biege-9311-024266-1-product.jpg,0,furniture,
563532,Schticky Lint Roller Blue,Lazada,16,47,- Great for hard to reach places and pet hair!- Works on many fabrics  from wool to velvet\n - Convenient  efficiency- Easy to clean and store - Includes Schtick  Big Schtick(with handle pole)  and Mini\nSchtick!- Length of Big Schtick pole handle: 75cm- Sticky Mop Sweeper,http://sg-live-02.slatic.net/p/3/schticky-lint-roller-blue-1062-235365-1-product.jpg,0,housekeeping,
541959,Redstone 6 steps ladder,Lazada,99,17,- Breakthrough x-support\ntechnology- Non-slip cushion for comfort and easy grip- Light weight aluminium & sleek design for easy\nstorage- Able to withstand weight up to 100kg- Height of highest step: 145cm- Additional Anti-Slip stripe on steps- Folded size: 200cm x 43cm x 6cm,http://sg-live-02.slatic.net/p/3/redstone-6-steps-ladder-5271-959145-10ad27c552183c6bea1fa92b1510c578-product.jpg,86,home-improvement,
474836,Rubine Fox 610-75-U Forte Stainless Steel Undermount Kitchen Sink,Lazada,250,17,- Quality Sink- Reliable brand- Beautiful design- Elegant,http://sg-live-02.slatic.net/p/3/rubine-fox-610-75-u-forte-stainless-steel-undermount-kitchen-sink-6932-638474-662744a00884b023b66fdabe7458be68-product.jpg,0,home-improvement,
378755,Wooden Foldable Table Brown,Lazada,34,52,- 100% wood  sturdy and stable- Foldable design allows convenient storage- Take up minimal space after folding table\nlegs- Great as a snacking area or desk- Simple design goes well with various decor\nstyles,http://sg-live-02.slatic.net/p/3/wooden-foldable-table-brown-4234-557873-cecede723b5047bc1f41ac415b6b13cb-product.jpg,80,furniture,
366088,Korea Modern Design Ergonomic Home Office Chair (Black) + FREE Upgrade to Steel Base Leg (18),Lazada,68,64,- Ergonomic back panel helps support posture- Durable nylon mesh back material with sturdy\narmrest- Height adjustor with locking function .,http://sg-live-02.slatic.net/p/3/korea-modern-design-ergonomic-home-office-chair-black-free-upgrade-to-steel-base-leg-18-9359-880663-1-product.jpg,89,furniture,
361805,Double Rod Indoor Outdoor Clothes Drying Rack- Blue,Lazada,24,51,- Durable and long-lasting- High quality product- Heavy-duty- Easy storage,http://sg-live-03.slatic.net/p/3/double-rod-indoor-outdoor-clothes-drying-rack-blue-5435-508163-1-product.jpg,0,housekeeping,
359321,Auto Squeeze Dry Microfiber Mop (include 2 Pads) - Blue,Lazada,16,73,- 1 Mop + 2 Pad - Blue Pad- Oil/Dirt wiping microfiber\npad - White Pad- Dirt wiping/ Waxing microfiber\npad- Auto Squeeze dry by pushing up and down - Height 127cm Length 33cm Width 10cm,http://sg-live-03.slatic.net/p/3/auto-squeeze-dry-microfiber-mop-include-2-pads-blue-5903-123953-a205388c8b3b3154085e7dcca600ed1f-product.jpg,67,housekeeping,
342920,MAGNETIC WINDOW CLEANER,Lazada,8,76,- Easy to clean and use.- Use the sponge to wash and break down dirt on glass \ntiled or mirrored surfaces. Then turn the handle and using the\ndirection of the arrows wipe and polish to get a clean  streak free\nfinish.,http://sg-live-03.slatic.net/p/3/magnetic-window-cleaner-3384-029243-1-product.jpg,0,housekeeping,
214009,Stainless Steel Spin Mop (with 4 mop heads)- Purple Set B,Lazada,27,60,- Durable and long-lasting- Sophisticated design- High quality product- Easy to clean,http://sg-live-01.slatic.net/p/3/stainless-steel-spin-mop-with-4-mop-heads-purple-set-b-5789-900412-1-product.jpg,52,housekeeping,
102559,Nikwax TX.Direct Wash In - 100ml,Lazada,10,17,- Easy to use and safe- High performance wash in waterproofing for wet weather\nclothing- Adds Durable Water Repellency and revives breathability,http://sg-live-03.slatic.net/p/6/nikwax-tx-direct-wash-in-100ml-1911-955201-1-product.jpg,0,housekeeping,
89865,PowerPac Mosquito lamp/Pest Repellent /2x10 watts PP2213,Lazada,70,0,- 2 x 10 watts ultra violet tube\nCoverage area:60M2,http://sg-live-03.slatic.net/p/3/powerpac-mosquito-lamp-pest-repellent-2x10-watts-pp2213-7179-56898-1-product.jpg,0,home-improvement,
87593,Microfiber Spray Mop (Blue) With 3 Mop Pad Refill,Lazada,22,56,- One hand to operate the handle- Convenient 360 degrees rotation- Ergo design- Microfiber cloth - Easy to remove cloth from mop,http://sg-live-01.slatic.net/p/3/microfiber-spray-mop-blue-with-3-mop-pad-refill-7558-39578-1-product.jpg,89,housekeeping,
50695,Microfiber Spray Mop BLUE (1 mop pad included),Lazada,17,57,- One\nhand to operate the handle- Convenient 360\ndegrees rotation- Ergo\ndesign- Microfiber\ncloth - Easy to remove\ncloth from mop,http://sg-live-01.slatic.net/p/3/microfiber-spray-mop-blue-1-mop-pad-included-9695-59605-5c1090111e62837f3c0d9ba32680be1b-product.jpg,100,housekeeping,
47024,120 x 60cm Portable Foldable Aluminium Table (White),Lazada,25,71,- Weight capacity: Up to 30kg - Anti-corrosive table-top- Adjustable height (55-70cm)- Includes carrying handle for portability ,http://sg-live-01.slatic.net/p/3/120-x-60cm-portable-foldable-aluminium-table-white-9828-42074-1-product.jpg,77,furniture,
